{
  "ents_f": 79.877621561,
  "ents_p": 80.2665285041,
  "ents_r": 79.4924651056
}